id,taskname,prno,priority,date,done,description,attechment
task1,Task Name 1,1,Very High,2021-11-28,FALSE,Description of task 1,"a.pdf, b.pdf"
task2,Task Name 2,2,High,2021-11-15,FALSE,Description of task 2,"a.pdf, b.pdf"
task3,Task Name 3,2,High,2021-12-01,TRUE,Description of task 3,"a.pdf, b.pdf"
task4,Task Name 4,3,Medium,2021-11-08,FALSE,Description of task 4,"a.pdf, b.pdf"
task5,Task Name 5,4,Low,2021-12-15,TRUE,Description of task 5,"a.pdf, b.pdf"
task6,Task Name 6,2,High,2021-11-02,TRUE,Description of task 6,"a.pdf, b.pdf"
task7,Task Name 7,1,Very High,2021-11-02,FALSE,Description of task 7,"a.pdf, b.pdf"
task8,Task Name 8,3,Medium,2021-11-21,FALSE,Description of task 8,"a.pdf, b.pdf"
task9,Task Name 9,3,Medium,2021-12-21,TRUE,Description of task 9,"a.pdf, b.pdf"
task10,Task Name 10,1,Very High,2021-12-09,TRUE,Description of task 10,"a.pdf, b.pdf"
task11,Task Name 11,1,Very High,2021-12-27,TRUE,Description of task 11,"a.pdf, b.pdf"
task12,Task Name 12,2,High,2021-12-26,TRUE,Description of task 12,"a.pdf, b.pdf"
task13,Task Name 13,1,Very High,2021-11-22,FALSE,Description of task 13,"a.pdf, b.pdf"
task14,Task Name 14,3,Medium,2021-11-07,TRUE,Description of task 14,"a.pdf, b.pdf"
task15,Task Name 15,4,Low,2021-11-29,TRUE,Description of task 15,"a.pdf, b.pdf"
task16,Task Name 16,1,Very High,2021-12-08,FALSE,Description of task 16,"a.pdf, b.pdf"
task17,Task Name 17,2,High,2021-11-28,TRUE,Description of task 17,"a.pdf, b.pdf"
task18,Task Name 18,3,Medium,2021-12-25,TRUE,Description of task 18,"a.pdf, b.pdf"
task19,Task Name 19,4,Low,2021-11-28,FALSE,Description of task 19,"a.pdf, b.pdf"
task20,Task Name 20,2,High,2021-12-26,TRUE,Description of task 20,"a.pdf, b.pdf"
task21,Task Name 21,1,Very High,2021-11-23,TRUE,Description of task 21,"a.pdf, b.pdf"
task22,Task Name 22,3,Medium,2021-12-04,FALSE,Description of task 22,"a.pdf, b.pdf"
task23,Task Name 23,4,Low,2021-11-30,TRUE,Description of task 23,"a.pdf, b.pdf"
task24,Task Name 24,1,Very High,2021-12-04,TRUE,Description of task 24,"a.pdf, b.pdf"
task25,Task Name 25,2,High,2021-12-19,TRUE,Description of task 25,"a.pdf, b.pdf"
task26,Task Name 26,3,Medium,2021-12-15,TRUE,Description of task 26,"a.pdf, b.pdf"
task27,Task Name 27,4,Low,2021-11-29,TRUE,Description of task 27,"a.pdf, b.pdf"
task28,Task Name 28,3,Medium,2021-12-14,FALSE,Description of task 28,"a.pdf, b.pdf"
task29,Task Name 29,1,Very High,2021-11-14,TRUE,Description of task 29,"a.pdf, b.pdf"
task30,Task Name 30,2,High,2021-12-28,FALSE,Description of task 30,"a.pdf, b.pdf"
task31,Task Name 31,4,Low,2021-11-02,FALSE,Description of task 31,"a.pdf, b.pdf"
task32,Task Name 32,3,Medium,2021-12-07,TRUE,Description of task 32,"a.pdf, b.pdf"
task33,Task Name 33,3,Medium,2021-12-27,FALSE,Description of task 33,"a.pdf, b.pdf"
task34,Task Name 34,2,High,2021-11-29,TRUE,Description of task 34,"a.pdf, b.pdf"
task35,Task Name 35,4,Low,2021-12-02,TRUE,Description of task 35,"a.pdf, b.pdf"
task36,Task Name 36,3,Medium,2021-11-04,FALSE,Description of task 36,"a.pdf, b.pdf"
task37,Task Name 37,4,Low,2021-11-13,FALSE,Description of task 37,"a.pdf, b.pdf"
task38,Task Name 38,2,High,2021-12-06,TRUE,Description of task 38,"a.pdf, b.pdf"
task39,Task Name 39,2,High,2021-12-26,TRUE,Description of task 39,"a.pdf, b.pdf"
task40,Task Name 40,1,Very High,2021-12-22,TRUE,Description of task 40,"a.pdf, b.pdf"
task41,Task Name 41,2,High,2021-12-25,TRUE,Description of task 41,"a.pdf, b.pdf"
task42,Task Name 42,2,High,2021-12-23,FALSE,Description of task 42,"a.pdf, b.pdf"
task43,Task Name 43,4,Low,2021-12-03,TRUE,Description of task 43,"a.pdf, b.pdf"
task44,Task Name 44,4,Low,2021-11-23,TRUE,Description of task 44,"a.pdf, b.pdf"
task45,Task Name 45,1,Very High,2021-12-15,FALSE,Description of task 45,"a.pdf, b.pdf"
task46,Task Name 46,2,High,2021-11-20,TRUE,Description of task 46,"a.pdf, b.pdf"
task47,Task Name 47,2,High,2021-11-20,TRUE,Description of task 47,"a.pdf, b.pdf"
task48,Task Name 48,1,Very High,2021-11-10,FALSE,Description of task 48,"a.pdf, b.pdf"
task49,Task Name 49,1,Very High,2021-11-15,TRUE,Description of task 49,"a.pdf, b.pdf"
task50,Task Name 50,1,Very High,2021-11-01,TRUE,Description of task 50,"a.pdf, b.pdf"
task51,Task Name 51,2,High,2021-11-17,FALSE,Description of task 51,"a.pdf, b.pdf"
task52,Task Name 52,3,Medium,2021-11-24,TRUE,Description of task 52,"a.pdf, b.pdf"
task53,Task Name 53,3,Medium,2021-12-19,TRUE,Description of task 53,"a.pdf, b.pdf"
task54,Task Name 54,3,Medium,2021-11-07,TRUE,Description of task 54,"a.pdf, b.pdf"
task55,Task Name 55,4,Low,2021-12-03,TRUE,Description of task 55,"a.pdf, b.pdf"
task56,Task Name 56,2,High,2021-12-19,TRUE,Description of task 56,"a.pdf, b.pdf"
task57,Task Name 57,1,Very High,2021-12-02,FALSE,Description of task 57,"a.pdf, b.pdf"
task58,Task Name 58,4,Low,2021-12-03,TRUE,Description of task 58,"a.pdf, b.pdf"
task59,Task Name 59,1,Very High,2021-12-02,FALSE,Description of task 59,"a.pdf, b.pdf"
task60,Task Name 60,3,Medium,2021-11-07,FALSE,Description of task 60,"a.pdf, b.pdf"
task61,Task Name 61,1,Very High,2021-11-04,TRUE,Description of task 61,"a.pdf, b.pdf"
task62,Task Name 62,3,Medium,2021-12-08,FALSE,Description of task 62,"a.pdf, b.pdf"
task63,Task Name 63,2,High,2021-12-28,TRUE,Description of task 63,"a.pdf, b.pdf"
task64,Task Name 64,2,High,2021-11-16,TRUE,Description of task 64,"a.pdf, b.pdf"
task65,Task Name 65,3,Medium,2021-11-05,FALSE,Description of task 65,"a.pdf, b.pdf"
task66,Task Name 66,2,High,2021-11-29,FALSE,Description of task 66,"a.pdf, b.pdf"
task67,Task Name 67,1,Very High,2021-12-21,TRUE,Description of task 67,"a.pdf, b.pdf"
task68,Task Name 68,2,High,2021-12-24,TRUE,Description of task 68,"a.pdf, b.pdf"
task69,Task Name 69,3,Medium,2021-12-20,TRUE,Description of task 69,"a.pdf, b.pdf"
task70,Task Name 70,2,High,2021-11-08,TRUE,Description of task 70,"a.pdf, b.pdf"
task71,Task Name 71,4,Low,2021-12-19,FALSE,Description of task 71,"a.pdf, b.pdf"
task72,Task Name 72,3,Medium,2021-12-02,TRUE,Description of task 72,"a.pdf, b.pdf"
task73,Task Name 73,1,Very High,2021-11-13,TRUE,Description of task 73,"a.pdf, b.pdf"
task74,Task Name 74,3,Medium,2021-11-06,FALSE,Description of task 74,"a.pdf, b.pdf"
task75,Task Name 75,3,Medium,2021-12-24,TRUE,Description of task 75,"a.pdf, b.pdf"
task76,Task Name 76,2,High,2021-12-17,TRUE,Description of task 76,"a.pdf, b.pdf"
task77,Task Name 77,4,Low,2021-11-07,FALSE,Description of task 77,"a.pdf, b.pdf"
task78,Task Name 78,3,Medium,2021-12-09,TRUE,Description of task 78,"a.pdf, b.pdf"
task79,Task Name 79,1,Very High,2021-11-27,TRUE,Description of task 79,"a.pdf, b.pdf"
task80,Task Name 80,4,Low,2021-11-10,FALSE,Description of task 80,"a.pdf, b.pdf"
task81,Task Name 81,4,Low,2021-12-18,TRUE,Description of task 81,"a.pdf, b.pdf"
task82,Task Name 82,3,Medium,2021-11-20,TRUE,Description of task 82,"a.pdf, b.pdf"
task83,Task Name 83,3,Medium,2021-11-30,TRUE,Description of task 83,"a.pdf, b.pdf"
task84,Task Name 84,1,Very High,2021-12-31,TRUE,Description of task 84,"a.pdf, b.pdf"
task85,Task Name 85,4,Low,2021-12-30,TRUE,Description of task 85,"a.pdf, b.pdf"
task86,Task Name 86,1,Very High,2021-12-12,FALSE,Description of task 86,"a.pdf, b.pdf"
task87,Task Name 87,2,High,2021-12-07,TRUE,Description of task 87,"a.pdf, b.pdf"
task88,Task Name 88,2,High,2021-11-12,FALSE,Description of task 88,"a.pdf, b.pdf"
task89,Task Name 89,3,Medium,2021-11-28,FALSE,Description of task 89,"a.pdf, b.pdf"
task90,Task Name 90,2,High,2021-12-17,TRUE,Description of task 90,"a.pdf, b.pdf"
task91,Task Name 91,1,Very High,2021-11-26,FALSE,Description of task 91,"a.pdf, b.pdf"
task92,Task Name 92,1,Very High,2021-12-21,TRUE,Description of task 92,"a.pdf, b.pdf"
task93,Task Name 93,4,Low,2021-12-04,TRUE,Description of task 93,"a.pdf, b.pdf"
task94,Task Name 94,2,High,2021-12-23,FALSE,Description of task 94,"a.pdf, b.pdf"
task95,Task Name 95,3,Medium,2021-12-09,FALSE,Description of task 95,"a.pdf, b.pdf"
task96,Task Name 96,4,Low,2021-12-17,TRUE,Description of task 96,"a.pdf, b.pdf"
task97,Task Name 97,2,High,2021-12-29,TRUE,Description of task 97,"a.pdf, b.pdf"
task98,Task Name 98,1,Very High,2021-12-01,TRUE,Description of task 98,"a.pdf, b.pdf"
task99,Task Name 99,3,Medium,2021-12-26,TRUE,Description of task 99,"a.pdf, b.pdf"
task100,Task Name 100,1,Very High,2021-11-25,TRUE,Description of task 100,"a.pdf, b.pdf"
